epoch,acc,loss
0,0.462898041257,0.945414499411
