epoch,acc,loss
0,0.472225217974,0.891108458483
1,0.478688922636,0.865264992954
2,0.483242134166,0.863126431734
3,0.485841774059,0.86203862728
4,0.486660756646,0.861364357585
