epoch,acc,loss
0,0.49848040391,0.781754274226
1,0.512472896886,0.755391755127
