epoch,acc,loss
0,0.488685879357,0.881611548144
1,0.489226093624,0.881257609063
