epoch,acc,loss
0,0.415180420608,1.04325543587
1,0.425931209036,1.02862341691
2,0.430160408163,1.02718203183
3,0.431372053168,1.02654578953
4,0.431940485922,1.0261643405
