epoch,acc,loss
0,0.489701253009,0.880928239752
1,0.49004140503,0.880590370304
2,0.490010055785,0.880725955598
3,0.49011972039,0.880564293994
4,0.490018464867,0.88074178045
