epoch,acc,loss
0,0.485713440492,0.874730949493
1,0.487533586449,0.873672054176
