epoch,acc,loss
0,0.472465977943,0.879590811154
