epoch,acc,loss
0,0.472801665688,0.917450078222
1,0.475574822015,0.882665205845
2,0.476825614101,0.879338545969
