epoch,acc,loss
0,0.459667701379,0.961944272665
1,0.464612132963,0.918768154652
2,0.467437539598,0.911127170573
3,0.470558056491,0.90739650598
4,0.474229273996,0.905204406641
