epoch,acc,loss
0,0.472346690513,0.876751259915
