epoch,acc,loss
0,0.490057411879,0.866218701167
1,0.490312745595,0.866094644051
2,0.490389595706,0.866026517908
3,0.490472445241,0.865944954263
