epoch,acc,loss
0,0.475611744942,0.882295496899
