epoch,acc,loss
0,0.461051175005,0.927860959952
1,0.465609008783,0.916584610037
2,0.470814263086,0.913387667024
3,0.474835800762,0.911855684142
4,0.476145469492,0.911201800768
