epoch,acc,loss
0,0.503402454043,0.799258122129
