epoch,acc,loss
0,0.486592223119,0.874215325283
1,0.488115040529,0.873463845678
2,0.488134295907,0.873456019061
3,0.488216531215,0.873430263438
4,0.488213374365,0.873419178397
