epoch,acc,loss
0,0.489076421502,0.875154853369
1,0.489783983552,0.874765814523
2,0.489874707626,0.874733340009
3,0.489755351892,0.874847118495
4,0.489902767796,0.874740911976
