epoch,acc,loss
0,0.488077872593,0.876227957969
1,0.488452242627,0.875797062697
2,0.488383427105,0.875769604311
3,0.488463103776,0.875723186231
4,0.488555366922,0.875687435541
