epoch,acc,loss
0,0.337430506945,1.24606311321
