epoch,acc,loss
0,0.48800779904,0.860394324879
1,0.488973335716,0.860001111051
2,0.489120108314,0.859970747577
3,0.489168842155,0.859975032753
4,0.489258340176,0.85996167018
