epoch,acc,loss
0,0.497353727921,0.841847002108
1,0.498226510242,0.84115799809
2,0.498413861635,0.84098777452
3,0.49858329033,0.840883586319
4,0.498609623223,0.840761356888
