epoch,acc,loss
0,0.48822989344,0.874262630139
1,0.489214558293,0.873693682734
2,0.48889678572,0.873753982781
3,0.48845949381,0.873829187511
4,0.48919143597,0.873635523622
