epoch,acc,loss
0,0.460082510942,0.958125651006
1,0.465196236654,0.917214027981
2,0.46901959697,0.910709150891
3,0.472223891364,0.907770508155
4,0.474761983743,0.905970467038
