epoch,acc,loss
0,0.474446331495,0.876017587466
1,0.47971095964,0.864677712803
2,0.483082023057,0.862506549687
3,0.484379526396,0.861728646596
4,0.485185034839,0.861322464943
