epoch,acc,loss
0,0.495778000235,0.8426153423
1,0.496626776756,0.841862569286
2,0.496713042498,0.841723518029
3,0.496767667943,0.841600208179
4,0.496914846363,0.841492085234
