epoch,acc,loss
0,0.478221860585,0.867776192758
