epoch,acc,loss
0,0.483133020047,0.886476537502
1,0.484503354023,0.884123236031
2,0.485126873655,0.883416672059
3,0.485554720397,0.883066947536
4,0.486011606198,0.882764312487
