epoch,acc,loss
0,0.480043461823,0.898007600569
1,0.480234522341,0.897577417363
