epoch,acc,loss
0,0.48900862922,0.865083843029
1,0.488947444365,0.864712643739
