epoch,acc,loss
0,0.48608415458,0.860934971072
1,0.48944693381,0.859783917607
2,0.490055364352,0.859486316915
3,0.490674707163,0.859241286333
4,0.490978879584,0.859010421555
