epoch,acc,loss
0,0.468478750086,0.923985683155
1,0.481903125048,0.861338810501
2,0.486529374914,0.855090996227
