epoch,acc,loss
0,0.493821952809,0.813275576636
1,0.51125821452,0.757196377877
