epoch,acc,loss
0,0.492342631022,0.864603048016
1,0.492815053418,0.864354874004
2,0.492751846599,0.864378101817
3,0.492862830001,0.864335673383
4,0.492882660712,0.864308395329
