epoch,acc,loss
0,0.313549264629,1.11532511465
