epoch,acc,loss
0,0.460987714988,1.05556728161
1,0.475592022031,0.903657274977
2,0.481162483283,0.885621605344
3,0.485960988881,0.877418757903
4,0.48891435244,0.87358965448
