epoch,acc,loss
0,0.446393033948,0.997747765814
1,0.449012593925,0.996228480829
2,0.449155642574,0.996139353448
3,0.448992603568,0.99630113866
4,0.448598911114,0.996501910068
