epoch,acc,loss
0,0.49573316123,0.906091318031
1,0.499466478869,0.904522359782
2,0.496139580577,0.905530464788
3,0.494552360251,0.90588259625
4,0.497469291798,0.90514897616
